author,title,year,journal,volume,pages,type,possible_duplicate
"Arroniz-Crespo, M., Perez-Ortega, S., De los Rios, A., Green, T.G.A., Ochoa-Hues",Bryophyte-Cyanobacteria Associations during Primary Succession in Recently Deglaciated Areas of Tier,2014,Plos One,9(5),,article,
"Atala, C., Schneider, C., Bravo, G., Quilodran, M. and Vargas, R.","Anatomical, physiological and chemical differences between populations of Pseudocyphellaria flavican",2015,Gayana Botanica,72(1),21-26,article,
"Cornelius, C.",SPATIAL VARIATION IN NEST-SITE SELECTION BY A SECONDARY CAVITY-NESTING BIRD IN A HUMAN-ALTERED LANDS,2008,Condor,110(4),615-626,article,
"Del Val, E. and Dirzo, R.",Myrmecophily: Plants with their own army,2004,Interciencia,29(12),673+,article,
"Diaz, I., Papic, C. and Armesto, J.","An assessment of post-dispersal seed predation in temperate rain forest fragments in Chiloe Island,",1999,Oikos,87(2),228-238,article,
"Diaz, I.A., Correa, C., Pena-Foxon, M.E., Mendez, M.A. and Charrier, A.",First record on an amphibian in the canopy of temperate rainforests of southern South America: Eupso,2010,Bosque,31(2),165-168,article,
"Diaz, I.A., Sieving, K.E., Pena-Foxon, M. and Armesto, J.J.",A field experiment links forest structure and biodiversity: epiphytes enhance canopy invertebrates i,2012,Ecosphere,3(1),,article,
"Diaz, I.A., Sieving, K.E., Pena-Foxon, M.E., Larrain, J. and Armesto, J.J.",Epiphyte diversity and biomass loads of canopy emergent trees in Chilean temperate rain forests: A n,2010,Forest Ecology And Management,259(8),1490-1501,article,
"Ely, F., Torres, F., Rada, F. and Leon, Y.",Morpho-anatomical study of two tropical cloud forest orchids,2007,Interciencia,32(6),410-418,article,
"Fernanda Salinas, M., Arroyo, M.T.K. and Armesto, J.J.",EPIPHYTIC GROWTH HABITS OF CHILEAN GESNERIACEAE AND THE EVOLUTION OF EPIPHYTES WITHIN THE TRIBE CORO,2010,Annals Of The Missouri Botanical Garden,97(1),117-1,article,
"Fernandez, R., Moreno-Chacon, M., Canessa, R., Mardones, D., Viveros, N. and Sal",Relationship between ecological breadth of vascular epiphytes and their ecophysiological responses t,2016,Gayana Botanica,73(1),68-76,article,
"Figueroa, J. and Armesto, J.",Community-wide germination strategies in a temperate rainforest of Southern Chile: ecological and ev,2001,Australian Journal Of Botany,49(4),411-425,article,
"Gatica, A., Pereira, I. and Vallejos, O.","Epiphytic lichens: a tool for to study the ecological continuity Mocha Island, Chile",2011,Gayana Botanica,68(2),226-235,article,
"Godoy, O. and Gianoli, E.",Functional variation of leaf succulence in a cold rainforest epiphyte,2013,Plant Ecology And Evolution,146(2),167-172,article,
"Godoy, R., Oyarzun, C. and Gerding, V.",Precipitation chemistry in deciduous and evergreen Nothofagus forests of southern Chile under a low-,2001,Basic And Applied Ecology,2(1),65-72,article,
"Gonzalez, A.L., Miguel Farina, J., Pinto, R., Perez, C., Weathers, K.C., Armesto",Bromeliad growth and stoichiometry: responses to atmospheric nutrient supply in fog-dependent ecosys,2011,Oecologia,167(3),835-845,article,
"Gradstein, S.R. and Cuvertino, J.","Observations on the liverwort flora of the surroundings of Santiago, Central Chile",2015,Cryptogamie Bryologie,36(2),129-141,article,
"Guzman-Marin, R. and Saldana, A.",Contribution of accidental epiphytism to the vascular plants distribution in a southern temperate ra,2017,Gayana Botanica,74(1),226-228,article,
"Jose Parra, M., Acuna, K.I., Sierra-Almeida, A., Sanfuentes, C., Saldana, A., Co",Photosynthetic Light Responses May Explain Vertical Distribution of Hymenophyllaceae Species in a Te,2015,Plos One,10(12),,article,
"Jose Parra, M., Rodriguez, R., Cavieres, L., Munoz-Tapia, L. and Atala, C.",Latitudinal patterns in Pteridophyte distribution of Continental Chile,2015,Gayana Botanica,72(1),58-69,article,
"Mellado-Mansilla, D., Leon, C.A., Ortega-Solis, G., Godoy-Guinao, J., Moreno, R.",Vertical patterns of epiphytic bryophyte diversity in a montane Nothofagus forest in the Chilean And,2017,New Zealand Journal Of Botany,55(4),514-529,article,
"Moreno, J., Merino, S., Vasquez, R. and Armesto, J.",Breeding biology of the Thorn-tailed Rayadito (Furnariidae) in south-temperate rainforests of Chile,2005,Condor,107(1),69-77,article,
"Munoz, A., Chacon, P., Perez, F., Barnert, E. and Armesto, J.",Diversity and host tree preferences of vascular epiphytes and vines in a temperate rainforest in sou,2003,Australian Journal Of Botany,51(4),381-391,article,
"Ortega-Solis, G., Diaz, I., Mellado-Mansilla, D., Tello, F., Moreno, R. and Tejo",Ecosystem engineering by Fascicularia bicolor in the canopy of the South-American temperate rainfore,2017,Forest Ecology And Management,400,417-428,article,
"Parra, M.J., Acuna, K., Corcuera, L.J. and Saldana, A.",Vertical distribution of Hymenophyllaceae species among host tree microhabitats in a temperate rain,2009,Journal Of Vegetation Science,20(4),588-595,article,
"Perez, C., Guevara, R., Carmona, M. and Armesto, J.","Nitrogen mineralization in epiphytic soils of an old-growth Fitzroya cupressoides forest, southern C",2005,Ecoscience,12(2),210-215,article,
"Pincheira-Ulbrich, J.",Diversity patterns of climbing plants and vascular epiphytes in the Valdivian rain forest of South A,2011,Phyton-International Journal Of Experimental Botany,80,,article,
"Pincheira-Ulbrich, J., Hernandez, C., Saldana, A., Pena-Cortes, F. and Aguilera-",Assessing the completeness of inventories of vascular epiphytes and climbing plants in Chilean swamp,2016,New Zealand Journal Of Botany,54(4),,article,
"Pincheira-Ulbrich, J., Hernandez, C.E., Saldana, A., Pena-Cortes, F. and Aguiler",Assessing the completeness of inventories of vascular epiphytes and climbing plants in Chilean swamp,2016,New Zealand Journal Of Botany,54(4),458-474,article,
"Pincheira-Ulbrich, J., Rau, J.R. and Smith-Ramirez, C.",Vascular epiphytes and climbing plants diversity in an agroforestal landscape in southern Chile: a c,2012,Boletin De La Sociedad Argentina De Botanica,,,article,
"Promis, A., Bergh, G., Teresa Serra, M. and Cruz, G.",Description of the vascular flora in the understory of a swamp forest and in an anthropogenic Juncus,2013,Gayana Botanica,70(1),164-169,article,
"Quilodran, C.S., Vasquez, R.A. and Estades, C.F.",NESTING OF THE THORN-TAILED RAYADITO (APHRASTURA SPINICAUDA) IN A PINE PLANTATION IN SOUTHCENTRAL CH,2012,Wilson Journal Of Ornithology,124(4),737-742,article,
"Reyes, F., Zanetti, S., Espinosa, A. and Alvear, M.",BIOCHEMICAL PROPERTIES IN VASCULAR EPIPHYTES SUBSTRATE FROM A TEMPERATE FOREST OF CHILE,2010,Revista De La Ciencia Del Suelo Y Nutricion Vegetal,10(2,,article,
"Reyes, F., Zanetti, S., Espinosa, A. and Alvear, M.",BIOCHEMICAL PROPERTIES IN VASCULAR EPIPHYTES SUBSTRATE FROM A TEMPERATE FOREST OF CHILE,2010,Journal Of Soil Science And Plant Nutrition,10(2),1,article,yes
"Saldana, A., Parra, M.J., Flores-Bavestrello, A., Corcuera, L.J. and Bravo, L.A.","Effects of forest successional status on microenvironmental conditions, diversity, and distribution",2014,Plant Species Biology,29(3),253-262,article,
"Salinas, F. and Armesto, J.J.",Regeneration niche of three epiphytic species of Gesneriaceae from Chilean rainforests: implications,2012,Botanical Journal Of The Linnean Society,170(1),79-,article,
"Soler, R., Martinez Pastur, G., Vanessa Lencinas, M. and Rosenfeld, M.",Variable retention management influences biomass of Misodendrum and Usnea in Nothofagus pumilio sout,2014,New Zealand Journal Of Botany,52(2),224-235,article,
"Stanton, D.E., Huallpa Chavez, J., Villegas, L., Villasante, F., Armesto, J., He",Epiphytes improve host plant water use by microenvironment modification,2014,Functional Ecology,28(5),1274-1283,article,
"Taylor, A., Saldana, A., Zotz, G., Kirby, C., Diaz, I. and Burns, K.",Composition patterns and network structure of epiphyte-host interactions in Chilean and New Zealand,2016,New Zealand Journal Of Botany,"54(2, SI)",204-222,article,
"Tejo Haristoy, C., Zabowski, D. and Nadkarni, N.","Canopy Soils of Sitka Spruce and Bigleaf Maple in the Queets River Watershed, Washington",2014,Soil Science Society Of America Journal,78(1),S118-,article,
"Tejo, C.F., Zabowski, D. and Nadkarni, N.M.",Total and epiphytic litter under the canopy of Acer macrophyllum in an old-growth temperate rainfore,2015,Canadian Journal Of Forest Research,45(11),1654-166,article,
"Troncoso, P.A., Perez, C.A., Larrain, J. and Ardiles, V.","The development of symbiotic nitrogen fixation along a primary chronosequence in Santa Ines Island,",2013,Revista Chilena De Historia Natural,86(3),345-355,article,
