species,decimalLongitude,decimalLatitude,countryCode,year,basisOfRecord,.val,.equ,.zer,.cap,.cen,.gbf,.inst
hymenophyllum-dicranotrichum,-72.175747,-40.664501,CL,2026,HUMAN_OBSERVATION,TRUE,TRUE,TRUE,TRUE,TRUE,TRUE,TRUE
hymenophyllum-dicranotrichum,-73.030617,-41.412128,CL,2026,HUMAN_OBSERVATION,TRUE,TRUE,TRUE,TRUE,TRUE,TRUE,TRUE
hymenophyllum-dicranotrichum,-72.404934,-41.907006,CL,2026,HUMAN_OBSERVATION,TRUE,TRUE,TRUE,TRUE,TRUE,TRUE,TRUE
hymenophyllum-dicranotrichum,-72.493211,-40.371444,CL,2026,HUMAN_OBSERVATION,TRUE,TRUE,TRUE,TRUE,TRUE,TRUE,TRUE
hymenophyllum-dicranotrichum,-72.594736,-41.593997,CL,2025,HUMAN_OBSERVATION,TRUE,TRUE,TRUE,TRUE,TRUE,TRUE,TRUE
hymenophyllum-dicranotrichum,-72.59475,-41.593975,CL,2025,HUMAN_OBSERVATION,TRUE,TRUE,TRUE,TRUE,TRUE,TRUE,TRUE
hymenophyllum-dicranotrichum,-73.960426,-42.739996,CL,2025,HUMAN_OBSERVATION,TRUE,TRUE,TRUE,TRUE,TRUE,TRUE,TRUE
hymenophyllum-dicranotrichum,-73.342079,-39.697925,CL,2025,HUMAN_OBSERVATION,TRUE,TRUE,TRUE,TRUE,TRUE,TRUE,TRUE
hymenophyllum-dicranotrichum,-73.959964,-42.740033,CL,2025,HUMAN_OBSERVATION,TRUE,TRUE,TRUE,TRUE,TRUE,TRUE,TRUE
hymenophyllum-dicranotrichum,-74.125902,-42.73579,CL,2025,HUMAN_OBSERVATION,TRUE,TRUE,TRUE,TRUE,TRUE,TRUE,TRUE
hymenophyllum-dicranotrichum,-72.753297,-41.521813,CL,2025,HUMAN_OBSERVATION,TRUE,TRUE,TRUE,TRUE,TRUE,TRUE,TRUE
hymenophyllum-dicranotrichum,-74.125267,-42.729649,CL,2025,HUMAN_OBSERVATION,TRUE,TRUE,TRUE,TRUE,TRUE,TRUE,TRUE
hymenophyllum-dicranotrichum,-74.137409,-42.742459,CL,2025,HUMAN_OBSERVATION,TRUE,TRUE,TRUE,TRUE,TRUE,TRUE,TRUE
hymenophyllum-dicranotrichum,-73.340674,-39.846726,CL,2025,HUMAN_OBSERVATION,TRUE,TRUE,TRUE,TRUE,TRUE,TRUE,TRUE
hymenophyllum-dicranotrichum,-73.782622,-43.015591,CL,2025,HUMAN_OBSERVATION,TRUE,TRUE,TRUE,TRUE,TRUE,TRUE,TRUE
hymenophyllum-dicranotrichum,-73.956134,-42.683145,CL,2025,HUMAN_OBSERVATION,TRUE,TRUE,TRUE,TRUE,TRUE,TRUE,TRUE
hymenophyllum-dicranotrichum,-73.82952,-41.392008,CL,2024,HUMAN_OBSERVATION,TRUE,TRUE,TRUE,TRUE,TRUE,TRUE,TRUE
hymenophyllum-dicranotrichum,-73.778701,-43.013674,CL,2024,HUMAN_OBSERVATION,TRUE,TRUE,TRUE,TRUE,TRUE,TRUE,TRUE
hymenophyllum-dicranotrichum,-74.101411,-42.617613,CL,2024,HUMAN_OBSERVATION,TRUE,TRUE,TRUE,TRUE,TRUE,TRUE,TRUE
hymenophyllum-dicranotrichum,-73.260875,-39.800822,CL,2024,HUMAN_OBSERVATION,TRUE,TRUE,TRUE,TRUE,TRUE,TRUE,TRUE
hymenophyllum-dicranotrichum,-72.351428,-41.94638,CL,2024,HUMAN_OBSERVATION,TRUE,TRUE,TRUE,TRUE,TRUE,TRUE,TRUE
hymenophyllum-dicranotrichum,-73.678911,-41.430727,CL,2024,HUMAN_OBSERVATION,TRUE,TRUE,TRUE,TRUE,TRUE,TRUE,TRUE
hymenophyllum-dicranotrichum,-72.954664,-43.770579,CL,2024,HUMAN_OBSERVATION,TRUE,TRUE,TRUE,TRUE,TRUE,TRUE,TRUE
hymenophyllum-dicranotrichum,-73.035709,-41.408297,CL,2023,HUMAN_OBSERVATION,TRUE,TRUE,TRUE,TRUE,TRUE,TRUE,TRUE
hymenophyllum-dicranotrichum,-74.181484,-42.508446,CL,2023,HUMAN_OBSERVATION,TRUE,TRUE,TRUE,TRUE,TRUE,TRUE,TRUE
hymenophyllum-dicranotrichum,-73.55281,-39.951212,CL,2023,HUMAN_OBSERVATION,TRUE,TRUE,TRUE,TRUE,TRUE,TRUE,TRUE
hymenophyllum-dicranotrichum,-73.611,-42.819695,CL,2023,HUMAN_OBSERVATION,TRUE,TRUE,TRUE,TRUE,TRUE,TRUE,TRUE
hymenophyllum-dicranotrichum,-73.03169,-41.41252,CL,2023,HUMAN_OBSERVATION,TRUE,TRUE,TRUE,TRUE,TRUE,TRUE,TRUE
hymenophyllum-dicranotrichum,-73.127783,-39.839738,CL,2023,HUMAN_OBSERVATION,TRUE,TRUE,TRUE,TRUE,TRUE,TRUE,TRUE
hymenophyllum-dicranotrichum,-72.5835,-42.677263,CL,2023,HUMAN_OBSERVATION,TRUE,TRUE,TRUE,TRUE,TRUE,TRUE,TRUE
hymenophyllum-dicranotrichum,-73.341781,-39.847216,CL,2023,HUMAN_OBSERVATION,TRUE,TRUE,TRUE,TRUE,TRUE,TRUE,TRUE
hymenophyllum-dicranotrichum,-73.905243,-41.919533,CL,2023,HUMAN_OBSERVATION,TRUE,TRUE,TRUE,TRUE,TRUE,TRUE,TRUE
hymenophyllum-dicranotrichum,-72.389162,-41.942538,CL,2022,HUMAN_OBSERVATION,TRUE,TRUE,TRUE,TRUE,TRUE,TRUE,TRUE
hymenophyllum-dicranotrichum,-72.39225,-41.89468,CL,2022,HUMAN_OBSERVATION,TRUE,TRUE,TRUE,TRUE,TRUE,TRUE,TRUE
hymenophyllum-dicranotrichum,-72.38316,-42.472242,CL,2022,PRESERVED_SPECIMEN,TRUE,TRUE,TRUE,TRUE,TRUE,TRUE,TRUE
hymenophyllum-dicranotrichum,-73.962351,-42.752215,CL,2022,HUMAN_OBSERVATION,TRUE,TRUE,TRUE,TRUE,TRUE,TRUE,TRUE
hymenophyllum-dicranotrichum,-72.742391,-42.891955,CL,2022,HUMAN_OBSERVATION,TRUE,TRUE,TRUE,TRUE,TRUE,TRUE,TRUE
hymenophyllum-dicranotrichum,-72.47406,-40.336731,CL,2022,HUMAN_OBSERVATION,TRUE,TRUE,TRUE,TRUE,TRUE,TRUE,TRUE
hymenophyllum-dicranotrichum,-73.033018,-41.411653,CL,2022,HUMAN_OBSERVATION,TRUE,TRUE,TRUE,TRUE,TRUE,TRUE,TRUE
hymenophyllum-dicranotrichum,-73.905569,-41.921782,CL,2022,HUMAN_OBSERVATION,TRUE,TRUE,TRUE,TRUE,TRUE,TRUE,TRUE
hymenophyllum-dicranotrichum,-73.127328,-39.840597,CL,2022,HUMAN_OBSERVATION,TRUE,TRUE,TRUE,TRUE,TRUE,TRUE,TRUE
hymenophyllum-dicranotrichum,-73.330503,-39.707511,CL,2022,HUMAN_OBSERVATION,TRUE,TRUE,TRUE,TRUE,TRUE,TRUE,TRUE
hymenophyllum-dicranotrichum,-73.531892,-39.95888,CL,2022,HUMAN_OBSERVATION,TRUE,TRUE,TRUE,TRUE,TRUE,TRUE,TRUE
hymenophyllum-dicranotrichum,-72.122608,-41.407272,CL,2022,HUMAN_OBSERVATION,TRUE,TRUE,TRUE,TRUE,TRUE,TRUE,TRUE
hymenophyllum-dicranotrichum,-72.64068,-41.389442,CL,2022,HUMAN_OBSERVATION,TRUE,TRUE,TRUE,TRUE,TRUE,TRUE,TRUE
hymenophyllum-dicranotrichum,-72.617645,-42.549803,CL,2022,HUMAN_OBSERVATION,TRUE,TRUE,TRUE,TRUE,TRUE,TRUE,TRUE
hymenophyllum-dicranotrichum,-72.724711,-41.567387,CL,2022,HUMAN_OBSERVATION,TRUE,TRUE,TRUE,TRUE,TRUE,TRUE,TRUE
hymenophyllum-dicranotrichum,-73.667687,-42.383932,CL,2021,HUMAN_OBSERVATION,TRUE,TRUE,TRUE,TRUE,TRUE,TRUE,TRUE
hymenophyllum-dicranotrichum,-72.113644,-39.862665,CL,2021,HUMAN_OBSERVATION,TRUE,TRUE,TRUE,TRUE,TRUE,TRUE,TRUE
hymenophyllum-dicranotrichum,-72.592837,-42.787628,CL,2020,HUMAN_OBSERVATION,TRUE,TRUE,TRUE,TRUE,TRUE,TRUE,TRUE
hymenophyllum-dicranotrichum,-73.314748,-39.713428,CL,2020,HUMAN_OBSERVATION,TRUE,TRUE,TRUE,TRUE,TRUE,TRUE,TRUE
hymenophyllum-dicranotrichum,-73.307537,-39.700125,CL,2020,HUMAN_OBSERVATION,TRUE,TRUE,TRUE,TRUE,TRUE,TRUE,TRUE
hymenophyllum-dicranotrichum,-73.313152,-39.709982,CL,2020,HUMAN_OBSERVATION,TRUE,TRUE,TRUE,TRUE,TRUE,TRUE,TRUE
hymenophyllum-dicranotrichum,-73.312095,-39.708858,CL,2020,HUMAN_OBSERVATION,TRUE,TRUE,TRUE,TRUE,TRUE,TRUE,TRUE
hymenophyllum-dicranotrichum,-73.313955000000007,-39.711975,CL,2020,HUMAN_OBSERVATION,TRUE,TRUE,TRUE,TRUE,TRUE,TRUE,TRUE
hymenophyllum-dicranotrichum,-73.314657,-39.698949,CL,2020,HUMAN_OBSERVATION,TRUE,TRUE,TRUE,TRUE,TRUE,TRUE,TRUE
hymenophyllum-dicranotrichum,-73.304468,-39.697818,CL,2020,HUMAN_OBSERVATION,TRUE,TRUE,TRUE,TRUE,TRUE,TRUE,TRUE
hymenophyllum-dicranotrichum,-73.311299,-39.708027,CL,2020,HUMAN_OBSERVATION,TRUE,TRUE,TRUE,TRUE,TRUE,TRUE,TRUE
hymenophyllum-dicranotrichum,-73.349592,-40.249254,CL,2020,HUMAN_OBSERVATION,TRUE,TRUE,TRUE,TRUE,TRUE,TRUE,TRUE
hymenophyllum-dicranotrichum,-73.307718,-39.695586,CL,2020,HUMAN_OBSERVATION,TRUE,TRUE,TRUE,TRUE,TRUE,TRUE,TRUE
hymenophyllum-dicranotrichum,-73.331368,-39.702911,CL,2020,HUMAN_OBSERVATION,TRUE,TRUE,TRUE,TRUE,TRUE,TRUE,TRUE
hymenophyllum-dicranotrichum,-73.311812,-39.69415,CL,2020,HUMAN_OBSERVATION,TRUE,TRUE,TRUE,TRUE,TRUE,TRUE,TRUE
hymenophyllum-dicranotrichum,-73.332841,-39.82138,CL,2020,HUMAN_OBSERVATION,TRUE,TRUE,TRUE,TRUE,TRUE,TRUE,TRUE
hymenophyllum-dicranotrichum,-73.329644,-39.826496,CL,2020,HUMAN_OBSERVATION,TRUE,TRUE,TRUE,TRUE,TRUE,TRUE,TRUE
hymenophyllum-dicranotrichum,-72.707219,-39.631837,CL,2020,HUMAN_OBSERVATION,TRUE,TRUE,TRUE,TRUE,TRUE,TRUE,TRUE
hymenophyllum-dicranotrichum,-72.740812,-45.46264,CL,2019,HUMAN_OBSERVATION,TRUE,TRUE,TRUE,TRUE,TRUE,TRUE,TRUE
hymenophyllum-dicranotrichum,-73.15771,-41.56869,CL,2018,PRESERVED_SPECIMEN,TRUE,TRUE,TRUE,TRUE,TRUE,TRUE,TRUE
hymenophyllum-dicranotrichum,-73.14879,-41.56904,CL,2018,PRESERVED_SPECIMEN,TRUE,TRUE,TRUE,TRUE,TRUE,TRUE,TRUE
hymenophyllum-dicranotrichum,-73.233516,-41.662897,CL,2015,HUMAN_OBSERVATION,TRUE,TRUE,TRUE,TRUE,TRUE,TRUE,TRUE
hymenophyllum-dicranotrichum,-73.218839,-41.674502,CL,2015,HUMAN_OBSERVATION,TRUE,TRUE,TRUE,TRUE,TRUE,TRUE,TRUE
hymenophyllum-dicranotrichum,-73.233516,-41.662897,CL,2015,HUMAN_OBSERVATION,TRUE,TRUE,TRUE,TRUE,TRUE,TRUE,TRUE
hymenophyllum-dicranotrichum,-72.9631,-43.77992,CL,2013,HUMAN_OBSERVATION,TRUE,TRUE,TRUE,TRUE,TRUE,TRUE,TRUE
hymenophyllum-dicranotrichum,-73.59445,-39.961933,CL,2010,HUMAN_OBSERVATION,TRUE,TRUE,TRUE,TRUE,TRUE,TRUE,TRUE
hymenophyllum-dicranotrichum,-72.089167,-43.379722,CL,2009,PRESERVED_SPECIMEN,TRUE,TRUE,TRUE,TRUE,TRUE,TRUE,TRUE
hymenophyllum-dicranotrichum,-72.34833,-43.72417,CL,2009,HUMAN_OBSERVATION,TRUE,TRUE,TRUE,TRUE,TRUE,TRUE,TRUE
hymenophyllum-dicranotrichum,-73.316111,-39.7,CL,2002,PRESERVED_SPECIMEN,TRUE,TRUE,TRUE,TRUE,TRUE,TRUE,TRUE
hymenophyllum-dicranotrichum,-73.91667,-46.61667,CL,2002,HUMAN_OBSERVATION,TRUE,TRUE,TRUE,TRUE,TRUE,TRUE,TRUE
hymenophyllum-dicranotrichum,-72.683333,-41.95,CL,2001,PRESERVED_SPECIMEN,TRUE,TRUE,TRUE,TRUE,TRUE,TRUE,TRUE
hymenophyllum-dicranotrichum,-72.583333,-41.5,CL,1986,PRESERVED_SPECIMEN,TRUE,TRUE,TRUE,TRUE,TRUE,TRUE,TRUE
hymenophyllum-dicranotrichum,-72.583333,-41.5,CL,1986,PRESERVED_SPECIMEN,TRUE,TRUE,TRUE,TRUE,TRUE,TRUE,TRUE
hymenophyllum-dicranotrichum,-72.25,-41.65,CL,1982,PRESERVED_SPECIMEN,TRUE,TRUE,TRUE,TRUE,TRUE,TRUE,TRUE
hymenophyllum-dicranotrichum,-72.467,-41.783,CL,1982,PRESERVED_SPECIMEN,TRUE,TRUE,TRUE,TRUE,TRUE,TRUE,TRUE
hymenophyllum-dicranotrichum,-72.25,-41.65,CL,1982,PRESERVED_SPECIMEN,TRUE,TRUE,TRUE,TRUE,TRUE,TRUE,TRUE
hymenophyllum-dicranotrichum,-72.417,-42.367,CL,1981,PRESERVED_SPECIMEN,TRUE,TRUE,TRUE,TRUE,TRUE,TRUE,TRUE
hymenophyllum-dicranotrichum,-72.417,-42.367,CL,1981,PRESERVED_SPECIMEN,TRUE,TRUE,TRUE,TRUE,TRUE,TRUE,TRUE
hymenophyllum-dicranotrichum,-72.417,-42.367,CL,1981,PRESERVED_SPECIMEN,TRUE,TRUE,TRUE,TRUE,TRUE,TRUE,TRUE
hymenophyllum-dicranotrichum,-72.417,-42.367,CL,1981,PRESERVED_SPECIMEN,TRUE,TRUE,TRUE,TRUE,TRUE,TRUE,TRUE
hymenophyllum-dicranotrichum,-73.79818,-42.38213,CL,1971,PRESERVED_SPECIMEN,TRUE,TRUE,TRUE,TRUE,TRUE,TRUE,TRUE
hymenophyllum-dicranotrichum,-73.067,-41.183,CL,1966,PRESERVED_SPECIMEN,TRUE,TRUE,TRUE,TRUE,TRUE,TRUE,TRUE
hymenophyllum-dicranotrichum,-74.06444,-46.73667,CL,1921,HUMAN_OBSERVATION,TRUE,TRUE,TRUE,TRUE,TRUE,TRUE,TRUE
hymenophyllum-dicranotrichum,-74.04888,-46.76951,CL,1921,HUMAN_OBSERVATION,TRUE,TRUE,TRUE,TRUE,TRUE,TRUE,TRUE
hymenophyllum-dicranotrichum,-72.818889,-45.462222,CL,1908,PRESERVED_SPECIMEN,TRUE,TRUE,TRUE,TRUE,TRUE,TRUE,TRUE
hymenophyllum-dicranotrichum,-73.24028,-39.82028,CL,1905,PRESERVED_SPECIMEN,TRUE,TRUE,TRUE,TRUE,TRUE,TRUE,TRUE
hymenophyllum-dicranotrichum,-73.89,-42.6,CL,NA,PRESERVED_SPECIMEN,TRUE,TRUE,TRUE,TRUE,TRUE,TRUE,TRUE
hymenophyllum-dicranotrichum,-73.92,-42.01,CL,NA,PRESERVED_SPECIMEN,TRUE,TRUE,TRUE,TRUE,TRUE,TRUE,TRUE
hymenophyllum-dicranotrichum,-73.8,-42.4,CL,NA,PRESERVED_SPECIMEN,TRUE,TRUE,TRUE,TRUE,TRUE,TRUE,TRUE
hymenophyllum-dicranotrichum,-72.33,-41.65,CL,NA,PRESERVED_SPECIMEN,TRUE,TRUE,TRUE,TRUE,TRUE,TRUE,TRUE
hymenophyllum-dicranotrichum,-73.92,-42.01,CL,NA,PRESERVED_SPECIMEN,TRUE,TRUE,TRUE,TRUE,TRUE,TRUE,TRUE
hymenophyllum-dicranotrichum,-74.02,-46.67,CL,NA,PRESERVED_SPECIMEN,TRUE,TRUE,TRUE,TRUE,TRUE,TRUE,TRUE
hymenophyllum-dicranotrichum,-71.92,-39.7,CL,NA,PRESERVED_SPECIMEN,TRUE,TRUE,TRUE,TRUE,TRUE,TRUE,TRUE
hymenophyllum-dicranotrichum,-72.09,-43.38,CL,NA,PRESERVED_SPECIMEN,TRUE,TRUE,TRUE,TRUE,TRUE,TRUE,TRUE
hymenophyllum-dicranotrichum,-72.36,-43.79,CL,NA,PRESERVED_SPECIMEN,TRUE,TRUE,TRUE,TRUE,TRUE,TRUE,TRUE
hymenophyllum-dicranotrichum,-72.63,-41.35,CL,NA,PRESERVED_SPECIMEN,TRUE,TRUE,TRUE,TRUE,TRUE,TRUE,TRUE
hymenophyllum-dicranotrichum,-72.95,-43.79,CL,NA,PRESERVED_SPECIMEN,TRUE,TRUE,TRUE,TRUE,TRUE,TRUE,TRUE
hymenophyllum-dicranotrichum,-72.02,-41.09,CL,NA,PRESERVED_SPECIMEN,TRUE,TRUE,TRUE,TRUE,TRUE,TRUE,TRUE
hymenophyllum-dicranotrichum,-73.15,-37.13,CL,NA,PRESERVED_SPECIMEN,TRUE,TRUE,TRUE,TRUE,TRUE,TRUE,TRUE
hymenophyllum-dicranotrichum,-73.87,-41.89,CL,NA,PRESERVED_SPECIMEN,TRUE,TRUE,TRUE,TRUE,TRUE,TRUE,TRUE
hymenophyllum-dicranotrichum,-72.32,-40.75,CL,NA,PRESERVED_SPECIMEN,TRUE,TRUE,TRUE,TRUE,TRUE,TRUE,TRUE
hymenophyllum-dicranotrichum,-74.1,-42.62,CL,NA,PRESERVED_SPECIMEN,TRUE,TRUE,TRUE,TRUE,TRUE,TRUE,TRUE
hymenophyllum-dicranotrichum,-70.8906,-35.8156,CL,NA,PRESERVED_SPECIMEN,TRUE,TRUE,TRUE,TRUE,TRUE,TRUE,TRUE
hymenophyllum-dicranotrichum,-70.8906,-35.8156,CL,NA,PRESERVED_SPECIMEN,TRUE,TRUE,TRUE,TRUE,TRUE,TRUE,TRUE
hymenophyllum-dicranotrichum,-71.54775,-35.733593,CL,NA,MATERIAL_SAMPLE,TRUE,TRUE,TRUE,TRUE,TRUE,TRUE,TRUE
